{
  "controlCarLength": 170,
  "passengerCarLength": 155,
  "numControlCars": 2,
  "numPassengerCars": 4,
  "accRate": 2.6,
  "decRate": -2.7,
  "throttleSpeedMap": {
    "0": 0,
    "3": 49.727459,
    "6": 86.14010087,
    "10": 131.118534,
    "15": 184.338567,
    "20": 239.1570635,
    "25": 303.2888809,
    "30": 353.9127969,
    "40": 462.133016,
    "50": 576.3313379,
    "60": 689.3658128,
    "70": 778.475647,
    "80": 780.0411673
  }
}