{
  "controlCarLength": 170,
  "passengerCarLength": 155,
  "numControlCars": 2,
  "numPassengerCars": 4,
  "accRate": 2.6,
  "decRate": -2.7,
  "topSpeed": 300,
  "throttleSpeedMap": {
    "0": 0,
    "2": 21.507231571804,
    "3": 26.852828,
    "6": 46.515654,
    "10": 70.804008,
    "15": 99.542826,
    "20": 129.144814,
    "25": 163.775996,
    "30": 191.112910,
    "35": 217.435182506326,
    "40": 249.551829,
    "45": 278.613212911787,
    "50": 311.218922,
    "60": 372.257539,
    "70": 420.376849,
    "80": 421.222230
  }
}